link,title
,
,
/preisvergleich/OffersOfProduct/1064527_-vitodens-200-w-19-kw-viessmann.html,"
Viessmann Vitodens 200-W (19 kW)"
/preisvergleich/OffersOfProduct/1223701_-vitodens-300-w-19-kw-viessmann.html,"
Viessmann Vitodens 300-W (19 kW)"
/preisvergleich/OffersOfProduct/4673719_-ecotec-plus-vcw-206-5-5-20-6-kw-vaillant.html,"
Vaillant ecoTEC plus VCW 206/5-5 (20,6 kW)"
/preisvergleich/OffersOfProduct/2106152_-vitodens-222-f-19-kw-viessmann.html,"
Viessmann Vitodens 222-F (19 kW)"
/preisvergleich/OffersOfProduct/1098709_-vitodens-200-w-26-kw-viessmann.html,"
Viessmann Vitodens 200-W (26 kW)"
/preisvergleich/OffersOfProduct/2417694_-logamax-plus-gb172-24-23-6-kw-buderus.html,"
Buderus Logamax plus GB172-24 (23,6 kW)"
/preisvergleich/OffersOfProduct/3913640_-cerapur-zwb-30-4-c-24-kw-junkers.html,"
Junkers Cerapur ZWB 30-4 C (24 kW)"
/preisvergleich/OffersOfProduct/1098710_-vitodens-200-w-35-kw-viessmann.html,"
Viessmann Vitodens 200-W (35 kW)"
/preisvergleich/OffersOfProduct/1064535_-vitocrossal-300-26-24-5-kw-viessmann.html,"
Viessmann Vitocrossal 300-26 (24,5 kW)"
/preisvergleich/OffersOfProduct/3093312_-comfortline-cgw-wolf-heizsysteme.html,"
Wolf ComfortLine CGW"
/preisvergleich/OffersOfProduct/2919604_-comfortline-cgb-k-wolf-heizsysteme.html,"
Wolf ComfortLine CGB-K"
/preisvergleich/OffersOfProduct/2498996_-ecovit-exclusiv-vkk-226-4-22-kw-vaillant.html,"
Vaillant ecoVIT exclusiv VKK 226/4 (22 kW)"
/preisvergleich/OffersOfProduct/4103622_-vitocrossal-300-19-viessmann.html,"
Viessmann Vitocrossal 300-19"
/preisvergleich/OffersOfProduct/2654395_-thermo-condens-wtc-15-a-14-7-kw-weishaupt.html,"
Weishaupt Thermo Condens WTC 15-A (14,7 kW)"
/preisvergleich/OffersOfProduct/2467626_-logamax-plus-gb172-14-15-1-kw-buderus.html,"
Buderus Logamax plus GB172-14 (15,1 kW)"
/preisvergleich/OffersOfProduct/3664000_-vitodens-200-w-13-kw-viessmann.html,"
Viessmann Vitodens 200-W (13 kW)"
/preisvergleich/OffersOfProduct/2025393_-dc-25-sp-l-kombikessel-30-kw-atmos.html,"
Atmos DC 25 SP(L) Kombikessel (30 kW)"
/preisvergleich/OffersOfProduct/4673707_-ecotec-plus-vcw-206-5-5-erdgas-e-h-20-6-kw-vaillant.html,"
Vaillant ecoTEC plus VCW 206/5-5 Erdgas E/H (20,6 kW)"
/preisvergleich/OffersOfProduct/3093638_-comfortline-cgb-k-20-wolf-heizsysteme.html,"
Wolf ComfortLine CGB-K 20"
/preisvergleich/OffersOfProduct/2920589_-logamax-plus-gb172-14-t-buderus.html,"
Buderus Logamax plus GB172-14 T"
/preisvergleich/OffersOfProduct/1369480_-ecotherm-plus-wgb-k-20-e-broetje.html,"
Brötje EcoTherm Plus WGB-K 20 E"
/preisvergleich/OffersOfProduct/1262301_-vitodens-333-f-19-kw-viessmann.html,"
Viessmann Vitodens 333-F (19 kW)"
/preisvergleich/OffersOfProduct/1217855_-cerapur-comfort-eco-zsbe-28-3-a-28-kw-junkers.html,"
Junkers Cerapur Comfort-Eco ZSBE 28-3 A (28 kW)"
/preisvergleich/OffersOfProduct/2654397_-thermo-condens-wtc-25-a-25-2-kw-weishaupt.html,"
Weishaupt Thermo Condens WTC 25-A (25,2 kW)"
/preisvergleich/OffersOfProduct/3913650_-cerapur-zwb-30-4-c-23-erdgas-e-h-24-kw-junkers.html,"
Junkers Cerapur ZWB 30-4 C 23 Erdgas E/H (24 kW)"
/preisvergleich/OffersOfProduct/3093308_-comfortline-cgw-20-120-wolf-heizsysteme.html,"
Wolf ComfortLine CGW-20/120"
/preisvergleich/OffersOfProduct/1221509_-ecotec-plus-vc-196-3-5-20-6-kw-vaillant.html,"
Vaillant ecoTEC plus VC 196/3-5 (20,6 kW)"
/preisvergleich/OffersOfProduct/4021148_-ecotec-plus-vc-146-5-5-16-kw-vaillant.html,"
Vaillant ecoTEC plus VC 146/5-5 (16 kW)"
/preisvergleich/OffersOfProduct/4221070_-logaplus-paket-w9-gb162-15-buderus.html,"
Buderus Logaplus-Paket W9 (GB162-15)"
/preisvergleich/OffersOfProduct/1223708_-vitodens-300-w-11-kw-viessmann.html,"
Viessmann Vitodens 300-W (11 kW)"
/preisvergleich/OffersOfProduct/3129258_-comfortline-csz-300-wolf-heizsysteme.html,"
Wolf ComfortLine CSZ-300"
/preisvergleich/OffersOfProduct/2498824_-aurocompact-vsc-s-196-3-5-200-vaillant.html,"
Vaillant auroCOMPACT VSC S 196/3-5 200"
/preisvergleich/OffersOfProduct/1262326_-vitocrossal-300-35-viessmann.html,"
Viessmann Vitocrossal 300-35"
/preisvergleich/OffersOfProduct/3788117_-logamax-plus-gb172-24-erdgas-e-h-23-6-kw-buderus.html,"
Buderus Logamax plus GB172-24 Erdgas E/H (23,6 kW)"
/preisvergleich/OffersOfProduct/3132373_-logamax-plus-gb172-24-t50-buderus.html,"
Buderus Logamax plus GB172-24 T50"
/preisvergleich/OffersOfProduct/4661902_-bluestream-cgb-2-14-14-kw-wolf-heizsysteme.html,"
Wolf BlueStream CGB-2-14 (14 kW)"
/preisvergleich/OffersOfProduct/1219746_-cerapur-comfort-eco-zsbe-16-3-a-16-kw-junkers.html,"
Junkers Cerapur Comfort-Eco ZSBE 16-3 A (16 kW)"
/preisvergleich/OffersOfProduct/4597647_-logamax-plus-gb172-20-t-buderus.html,"
Buderus Logamax plus GB172-20 T"
/preisvergleich/OffersOfProduct/3092274_-logano-plus-gb-212-22-22-kw-buderus.html,"
Buderus Logano plus GB 212-22 (22 kW)"
/preisvergleich/OffersOfProduct/2498912_-ecotec-exclusiv-vc-206-4-7-vaillant.html,"
Vaillant ecoTEC exclusiv VC 206/4-7"
/preisvergleich/OffersOfProduct/2286153_-calenta-15-ds-15-8-kw-de-dietrich-remeha.html,"
Remeha Calenta 15 DS (15,8 kW)"
/preisvergleich/OffersOfProduct/2106162_-vitodens-222-f-26-kw-viessmann.html,"
Viessmann Vitodens 222-F (26 kW)"
/preisvergleich/OffersOfProduct/4398655_-ecocompact-vsc-206-4-5-90-20-8-kw-vaillant.html,"
Vaillant ecoCompact VSC 206/4-5 90 (20,8 kW)"
/preisvergleich/OffersOfProduct/3738818_-calora-tower-gas-15s-de-dietrich-remeha.html,"
Remeha Calora Tower Gas 15s"
/preisvergleich/OffersOfProduct/2467631_-logamax-plus-gb172-20-buderus.html,"
Buderus Logamax plus GB172-20"
/preisvergleich/OffersOfProduct/3166800_-ecocondens-kompakt-bbk-22-f-22-kw-broetje.html,"
Brötje EcoCondens Kompakt BBK 22 F (22 kW)"
/preisvergleich/OffersOfProduct/1223680_-vitodens-300-w-26-kw-viessmann.html,"
Viessmann Vitodens 300-W (26 kW)"
/preisvergleich/OffersOfProduct/3095706_-ecotherm-wsc-20-c-broetje.html,"
Brötje EcoTherm WSC 20 C"
/preisvergleich/OffersOfProduct/1262303_-vitodens-333-f-11-kw-viessmann.html,"
Viessmann Vitodens 333-F (11 kW)"
/preisvergleich/OffersOfProduct/3725835_-tzerra-28-c-de-dietrich-remeha.html,"
Remeha Tzerra 28 C"
