linkwithprice,title
,
,
,
,
,
,
,
,
,
,
,
,
,
,
,
,
,
,
,
,
,
,
,
,
,
,
,
,
/preisvergleich/Relocate/475430102.html?categoryId=18406&pos=1&price=2857.6&productid=4677123&sid=9701&type=offer,
,
,
/preisvergleich/Relocate/559969174.html?categoryId=18406&pos=2&price=2885.8&productid=4677123&sid=294528&type=offer,
,
,
/preisvergleich/Relocate/513493664.html?categoryId=18406&pos=3&price=2934.94&productid=4677123&sid=9701&type=offer,
,
,
/preisvergleich/Relocate/513353429.html?categoryId=18406&pos=4&price=3008.99&productid=4677123&sid=276812&type=offer,
,
,
/preisvergleich/Relocate/513353126.html?categoryId=18406&pos=5&price=3232.99&productid=4677123&sid=276812&type=offer,
/preisvergleich/Relocate/585082438.html?categoryId=18406&pos=1&price=1631.28&productid=3664000&sid=293331&type=offer,
/preisvergleich/Relocate/481825971.html?categoryId=18406&pos=1&price=2690.0&productid=3131289&sid=289859&type=offer,
/preisvergleich/Relocate/513353032.html?categoryId=18406&pos=6&price=3454.99&productid=4677123&sid=276812&type=offer,
/preisvergleich/Relocate/481777811.html?categoryId=18406&pos=2&price=1715.0&productid=3664000&sid=289859&type=offer,
/preisvergleich/Relocate/366564113.html?categoryId=18406&pos=2&price=2745.0&productid=3131289&sid=9701&type=offer,
/preisvergleich/Relocate/440781167.html?categoryId=18406&pos=3&price=1760.0&productid=3664000&sid=9701&type=offer,
/preisvergleich/Relocate/559967057.html?categoryId=18406&pos=3&price=2799.99&productid=3131289&sid=294528&type=offer,
/preisvergleich/Relocate/362636046.html?categoryId=18406&pos=4&price=1769.0&productid=3664000&sid=9701&type=offer,
/preisvergleich/Relocate/475430046.html?categoryId=18406&pos=4&price=2800.0&productid=3131289&sid=9701&type=offer,
/preisvergleich/Relocate/503493983.html?categoryId=18406&pos=5&price=1799.76&productid=3664000&sid=297223&type=offer,
/preisvergleich/Relocate/559986562.html?categoryId=18406&pos=5&price=2827.34&productid=3131289&sid=294528&type=offer,
/preisvergleich/Relocate/585082312.html?categoryId=18406&pos=6&price=1822.69&productid=3664000&sid=293331&type=offer,
/preisvergleich/Relocate/436314809.html?categoryId=18406&pos=6&price=2873.62&productid=3131289&sid=276812&type=offer,
/preisvergleich/Relocate/503498734.html?categoryId=18406&pos=7&price=1828.7&productid=3664000&sid=297223&type=offer,
/preisvergleich/Relocate/436315101.html?categoryId=18406&pos=7&price=2873.62&productid=3131289&sid=276812&type=offer,
/preisvergleich/Relocate/559966996.html?categoryId=18406&pos=8&price=1890.9&productid=3664000&sid=294528&type=offer,
/preisvergleich/Relocate/387844471.html?categoryId=18406&pos=8&price=2947.99&productid=3131289&sid=276812&type=offer,
/preisvergleich/Relocate/306412868.html?categoryId=18406&pos=9&price=1899.0&productid=3664000&sid=288366&type=offer,
/preisvergleich/Relocate/387844094.html?categoryId=18406&pos=9&price=2947.99&productid=3131289&sid=276812&type=offer,
/preisvergleich/Relocate/387844301.html?categoryId=18406&pos=10&price=1909.99&productid=3664000&sid=276812&type=offer,
/preisvergleich/Relocate/481778260.html?categoryId=18406&pos=10&price=2965.0&productid=3131289&sid=289859&type=offer,
/preisvergleich/Relocate/585082566.html?categoryId=18406&pos=11&price=2041.73&productid=3664000&sid=293331&type=offer,
/preisvergleich/Relocate/481795230.html?categoryId=18406&pos=11&price=2965.0&productid=3131289&sid=289859&type=offer,
/preisvergleich/Relocate/306412844.html?categoryId=18406&pos=12&price=2049.0&productid=3664000&sid=288366&type=offer,
/preisvergleich/Relocate/387844400.html?categoryId=18406&pos=12&price=3171.99&productid=3131289&sid=276812&type=offer,
/preisvergleich/Relocate/559986259.html?categoryId=18406&pos=13&price=2060.9&productid=3664000&sid=294528&type=offer,
/preisvergleich/Relocate/387844058.html?categoryId=18406&pos=13&price=3171.99&productid=3131289&sid=276812&type=offer,
/preisvergleich/Relocate/387843970.html?categoryId=18406&pos=14&price=2133.99&productid=3664000&sid=276812&type=offer,
/preisvergleich/Relocate/559986572.html?categoryId=18406&pos=14&price=3300.0&productid=3131289&sid=294528&type=offer,
/preisvergleich/Relocate/585082569.html?categoryId=18406&pos=15&price=2304.18&productid=3664000&sid=293331&type=offer,
/preisvergleich/Relocate/513353389.html?categoryId=18406&pos=15&price=3400.99&productid=3131289&sid=276812&type=offer,
price
""
""
""
""
""
""
""
""
""
""
""
""
""
"2.857,60 €"
""
""
"2.885,80 €"
""
""
"2.934,94 €"
""
""
"3.008,99 €"
""
""
"3.232,99 €"
""
""
"3.454,99 €"
""
""
""
""
""
""
""
""
""
""
""
""
""
""
""
""
""
""
""
""
""
""
""
""
""
""
""
""
""
""
""
""
""
"2.690,00 €"
""
""
""
""
""
"1.631,28 €"
""
""
"1.715,00 €"
""
"2.745,00 €"
""
""
"2.799,99 €"
""
""
"2.800,00 €"
""
""
""
"1.760,00 €"
""
""
"1.769,00 €"
""
""
"2.827,34 €"
""
""
"2.873,62 €"
""
""
"2.873,62 €"
""
"1.799,76 €"
""
""
"1.822,69 €"
""
""
"1.828,70 €"
""
""
"2.947,99 €"
""
""
"2.947,99 €"
""
""
"2.965,00 €"
""
""
"1.890,90 €"
""
""
"1.899,00 €"
""
""
"1.909,99 €"
""
"2.965,00 €"
""
""
"3.171,99 €"
""
""
"3.171,99 €"
""
""
""
"2.041,73 €"
""
""
"2.049,00 €"
""
"3.300,00 €"
""
""
"3.400,99 €"
""
""
""
""
""
"2.060,90 €"
""
""
"2.133,99 €"
""
""
""
""
""
""
""
""
""
""
"2.304,18 €"
""
""
""
""
""
""
""
""
""
""
""
